Start Time (s), Start Freq (MHz), Duration, Bandwidth (MHz)
2427.54236013986,0,54.0892132867133,197.445
2432.5198951049,176.352952522255,5.30937062937063,1.7576706231454
